selecao,jogos,vitorias,empates,derrotas,gols_pro,gols_contra,clean_sheets,pontos_totais,saldo_gols,grupo,pos_grupo,pts_grupo,gp_grupo,gc_grupo,sg_grupo,xg,posse_media,passes,precisao_passes,chutes,chutes_a_gol,assistencias,penaltis_convertidos,cartoes_amarelos,cartoes_vermelhos,classificacao_final,fase_final,gols_por_jogo,gols_sofridos_por_jogo,chutes_por_jogo,chutes_a_gol_por_jogo,passes_por_jogo,xg_por_jogo,aproveitamento_pct,precisao_finalizacao,eficiencia_finalizacao,gols_menos_xg,xg_por_chute,pct_clean_sheets,cartoes_por_jogo,indice_disciplina,avancou_mata_mata,top16,top8,confederacao,faixa_posse,cluster,perfil_cluster,pca_x,pca_y
Espanha,8,7,1,0,14,1,7,22,13,H,1,7,5,0,5,14.6,64,5082,91,134,55,10,1,6,0,1,Campeão,1.75,0.125,16.75,6.875,635.25,1.825,91.66666666666669,41.04477611940298,10.447761194029852,-0.5999999999999996,0.108955223880597,87.5,0.75,6,1,1,1,UEFA,Alta,0,Elite técnica,3.9890772625381157,-0.9026797447324233
Argentina,8,7,0,1,19,8,2,21,11,J,1,9,8,1,7,13.3,56,4933,90,112,44,12,3,14,0,2,Vice-campeão,2.375,1.0,14.0,5.5,616.625,1.6625,87.5,39.285714285714285,16.964285714285715,5.699999999999999,0.11875,25.0,1.75,14,1,1,1,CONMEBOL,Alta,0,Elite técnica,2.8756271090941046,0.059763244254089715
Inglaterra,8,6,1,1,20,12,2,19,8,L,1,7,6,2,4,14.7,55,3795,91,116,58,14,3,8,1,3,3º lugar,2.5,1.5,14.5,7.25,474.375,1.8375,79.16666666666667,50.0,17.24137931034483,5.300000000000001,0.1267241379310345,25.0,1.125,11,1,1,1,UEFA,Alta,0,Elite técnica,2.86752708581392,1.1860735644564242
França,8,6,0,2,20,10,4,18,10,I,1,9,10,2,8,15.4,56,4048,91,143,63,18,2,6,0,4,4º lugar,2.5,1.25,17.875,7.875,506.0,1.925,75.0,44.05594405594405,13.986013986013988,4.6,0.1076923076923077,50.0,0.75,6,1,1,1,UEFA,Alta,0,Elite técnica,3.593716110217634,1.1400935008675228
Noruega,6,4,0,2,13,11,0,12,2,I,2,6,8,7,1,9.4,52,2947,88,65,30,10,1,3,0,5,Quartas de final,2.1666666666666665,1.8333333333333333,10.833333333333334,5.0,491.1666666666667,1.5666666666666669,66.66666666666667,46.15384615384615,20.0,3.6,0.1446153846153846,0.0,0.5,3,1,1,1,UEFA,Media,2,Equilibradas competitivas,1.3100617645853103,0.7458673199433564
Bélgica,6,3,2,1,14,7,1,11,7,G,1,5,6,2,4,10.3,51,2856,87,111,34,11,1,6,1,6,Quartas de final,2.333333333333333,1.1666666666666667,18.5,5.666666666666667,476.0,1.7166666666666668,61.11111111111112,30.63063063063063,12.612612612612612,3.6999999999999993,0.0927927927927928,16.666666666666668,1.1666666666666667,9,1,1,1,UEFA,Media,0,Elite técnica,2.3141395607354136,0.784609193858674
Suíça,6,4,1,1,10,6,2,13,4,B,1,7,7,3,4,10.0,54,2989,89,76,34,6,2,7,0,7,Quartas de final,1.6666666666666667,1.0,12.666666666666666,5.666666666666667,498.1666666666667,1.6666666666666667,72.22222222222223,44.73684210526316,13.157894736842104,0.0,0.131578947368421,33.333333333333336,1.1666666666666667,7,1,1,1,UEFA,Media,2,Equilibradas competitivas,1.8886419412362254,-0.13436859996283396
Marrocos,6,4,1,1,10,6,2,13,4,C,2,7,6,3,3,7.1,59,3343,90,66,30,9,0,7,0,7,Quartas de final,1.6666666666666667,1.0,11.0,5.0,557.1666666666666,1.1833333333333331,72.22222222222223,45.45454545454545,15.151515151515152,2.9000000000000004,0.1075757575757575,33.333333333333336,1.1666666666666667,7,1,1,1,CAF,Alta,2,Equilibradas competitivas,1.7300943579910364,-0.6697860349258764
México,5,4,0,1,10,3,4,12,7,A,1,9,6,0,6,8.1,52,2126,88,73,22,7,1,4,1,9,Oitavas de final,2.0,0.6,14.6,4.4,425.2,1.62,80.0,30.136986301369863,13.6986301369863,1.9000000000000004,0.110958904109589,80.0,1.0,7,1,1,0,CONCACAF,Media,2,Equilibradas competitivas,1.5586673311187056,-0.2069838597851569
Colômbia,5,3,1,1,5,1,4,10,4,K,1,7,4,1,3,7.0,59,2617,89,96,32,5,0,8,0,10,Oitavas de final,1.0,0.2,19.2,6.4,523.4,1.4,66.66666666666667,33.333333333333336,5.208333333333333,-2.0,0.0729166666666666,80.0,1.6,8,1,1,0,CONMEBOL,Alta,0,Elite técnica,2.6420958118208655,-1.1220495392059278
Brasil,5,3,1,1,10,4,2,10,6,C,1,7,7,1,6,9.1,52,2626,91,70,29,8,2,8,0,11,Oitavas de final,2.0,0.8,14.0,5.8,525.2,1.82,66.66666666666667,41.42857142857143,14.285714285714286,0.9000000000000004,0.13,40.0,1.6,8,1,1,0,CONMEBOL,Media,0,Elite técnica,2.526986404960229,-0.034684681272327045
Estados Unidos,5,3,0,2,11,8,2,9,3,D,1,6,8,4,4,5.5,57,2435,89,59,19,4,0,7,1,12,Oitavas de final,2.2,1.6,11.8,3.8,487.0,1.1,60.0,32.20338983050848,18.64406779661017,5.5,0.0932203389830508,40.0,1.6,10,1,1,0,CONCACAF,Alta,2,Equilibradas competitivas,1.1192309722907572,0.14908223634332843
Portugal,5,2,2,1,8,3,2,8,5,K,2,5,6,1,5,6.8,58,2774,92,63,20,4,1,7,0,13,Oitavas de final,1.6,0.6,12.6,4.0,554.8,1.36,53.333333333333336,31.746031746031747,12.698412698412698,1.2000000000000002,0.1079365079365079,40.0,1.4,7,1,1,0,UEFA,Alta,2,Equilibradas competitivas,1.9749945821750274,-1.159328805153975
Canadá,5,2,1,2,9,6,2,7,3,B,2,4,8,3,5,9.1,54,2031,84,80,30,3,0,11,0,14,Oitavas de final,1.8,1.2,16.0,6.0,406.2,1.82,46.66666666666666,37.5,11.25,-0.0999999999999996,0.1137499999999999,40.0,2.2,11,1,1,0,CONCACAF,Media,0,Elite técnica,1.63523104086661,0.6319938150620937
Egito,5,2,2,1,8,7,0,8,1,G,2,5,5,3,2,6.0,53,2395,88,65,20,7,0,12,0,15,Oitavas de final,1.6,1.4,13.0,4.0,479.0,1.2,53.333333333333336,30.76923076923077,12.307692307692308,2.0,0.0923076923076923,0.0,2.4,12,1,1,0,CAF,Media,2,Equilibradas competitivas,0.8637472460714923,-0.2021928752718704
Paraguai,5,2,1,2,3,6,2,7,-3,D,3,4,2,4,-2,2.1,30,1268,72,34,11,3,0,9,1,16,Oitavas de final,0.6,1.2,6.8,2.2,253.6,0.42,46.66666666666666,32.35294117647059,8.823529411764707,0.8999999999999999,0.0617647058823529,40.0,2.0,12,1,1,0,CONMEBOL,Baixa,3,Frágeis defensivamente,-4.134932509385813,-0.41465702772340235
Países Baixos,4,2,1,1,11,5,0,7,6,F,1,7,10,4,6,5.4,53,1884,89,49,23,10,0,3,0,17,16 avos (Round of 32),2.75,1.25,12.25,5.75,471.0,1.35,58.333333333333336,46.93877551020408,22.448979591836736,5.6,0.110204081632653,0.0,0.75,3,1,0,0,UEFA,Media,2,Equilibradas competitivas,1.8815815825102629,0.7947677172995319
Alemanha,4,2,0,2,11,5,0,6,6,E,1,6,10,4,6,8.1,64,2526,91,74,28,10,1,3,0,18,16 avos (Round of 32),2.75,1.25,18.5,7.0,631.5,2.025,50.0,37.83783783783784,14.864864864864863,2.9000000000000004,0.1094594594594594,0.0,0.75,3,1,0,0,UEFA,Alta,0,Elite técnica,4.444291860915841,0.8003976436314081
Costa do Marfim,4,2,0,2,5,4,2,6,1,E,2,6,4,2,2,4.6,52,1783,87,47,14,4,0,4,0,19,16 avos (Round of 32),1.25,1.0,11.75,3.5,445.75,1.15,50.0,29.78723404255319,10.638297872340424,0.4000000000000003,0.0978723404255319,50.0,1.0,4,1,0,0,CAF,Media,2,Equilibradas competitivas,0.31548065985359786,-0.7845797903971593
Croácia,4,2,0,2,6,7,1,6,-1,L,2,6,5,5,0,3.8,49,1833,87,38,19,6,0,4,0,20,16 avos (Round of 32),1.5,1.75,9.5,4.75,458.25,0.95,50.0,50.0,15.789473684210526,2.2,0.0999999999999999,25.0,1.0,4,1,0,0,UEFA,Media,2,Equilibradas competitivas,0.06705547270614928,0.12615712137637006
Japão,4,1,2,1,8,5,1,5,3,F,2,5,7,3,4,3.7,47,1611,89,31,13,7,0,4,0,21,16 avos (Round of 32),2.0,1.25,7.75,3.25,402.75,0.925,41.66666666666666,41.935483870967744,25.806451612903224,4.3,0.1193548387096774,25.0,1.0,4,1,0,0,AFC,Media,2,Equilibradas competitivas,-0.21724245709363768,-0.17095942653458093
Austrália,4,1,1,2,3,3,2,4,0,D,2,4,2,2,0,2.8,43,1546,81,40,14,1,0,5,0,22,16 avos (Round of 32),0.75,0.75,10.0,3.5,386.5,0.7,33.333333333333336,35.0,7.5,0.2000000000000001,0.0699999999999999,50.0,1.25,5,1,0,0,AFC,Baixa,1,Reativas de baixa posse,-1.41229420515783,-1.0312355132802948
Congo (RDC),4,1,1,2,5,5,0,4,0,K,3,4,4,3,1,3.1,39,1322,83,41,10,3,1,6,0,23,16 avos (Round of 32),1.25,1.25,10.25,2.5,330.5,0.775,33.333333333333336,24.390243902439025,12.195121951219512,1.9,0.0756097560975609,0.0,1.5,6,1,0,0,CAF,Baixa,1,Reativas de baixa posse,-1.6837732525105409,-0.32727337822372154
Gana,4,1,1,2,2,3,2,4,-1,L,3,4,2,2,0,2.0,36,1302,84,24,5,2,0,6,0,24,16 avos (Round of 32),0.5,0.75,6.0,1.25,325.5,0.5,33.333333333333336,20.83333333333333,8.333333333333334,0.0,0.0833333333333333,50.0,1.5,6,1,0,0,CAF,Baixa,1,Reativas de baixa posse,-2.7979298636147867,-1.617897486617365
Equador,4,1,1,2,2,4,1,4,-2,E,3,4,2,2,0,4.9,56,1830,88,51,19,2,0,8,1,25,16 avos (Round of 32),0.5,1.0,12.75,4.75,457.5,1.225,33.333333333333336,37.25490196078432,3.92156862745098,-2.9000000000000004,0.096078431372549,25.0,2.25,11,1,0,0,CONMEBOL,Alta,2,Equilibradas competitivas,0.7026761291417917,-1.1478304928657723
África do Sul,4,1,1,2,2,4,1,4,-2,A,2,4,2,3,-1,2.7,47,1749,86,40,13,1,1,5,2,25,16 avos (Round of 32),0.5,1.0,10.0,3.25,437.25,0.675,33.333333333333336,32.5,5.0,-0.7000000000000002,0.0675,25.0,1.75,11,1,0,0,CAF,Media,1,Reativas de baixa posse,-0.9044400027187617,-1.3782276277145578
Suécia,4,1,1,2,7,10,0,4,-3,F,3,4,7,7,0,4.0,46,1414,83,52,26,6,0,5,0,27,16 avos (Round of 32),1.75,2.5,13.0,6.5,353.5,1.0,33.333333333333336,50.0,13.461538461538462,3.0,0.0769230769230769,0.0,1.25,5,1,0,0,UEFA,Media,1,Reativas de baixa posse,-0.13033183271604964,1.6963394739358755
Áustria,4,1,1,2,6,9,0,4,-3,J,2,4,6,6,0,3.5,46,1739,87,31,8,4,1,5,0,28,16 avos (Round of 32),1.5,2.25,7.75,2.0,434.75,0.875,33.333333333333336,25.806451612903224,19.35483870967742,2.5,0.1129032258064516,0.0,1.25,5,1,0,0,UEFA,Media,1,Reativas de baixa posse,-1.090845566881629,0.0476474928962528
Bósnia e Herzegovina,4,1,1,2,5,8,0,4,-3,B,3,4,5,6,-1,2.8,46,1450,84,38,16,3,0,7,1,29,16 avos (Round of 32),1.25,2.0,9.5,4.0,362.5,0.7,33.333333333333336,42.10526315789474,13.157894736842104,2.2,0.0736842105263157,0.0,2.0,10,1,0,0,UEFA,Media,1,Reativas de baixa posse,-1.186421264635065,0.27637060206615777
Argélia,4,1,1,2,5,9,0,4,-4,J,3,4,5,7,-2,4.5,61,2432,92,42,15,3,0,3,0,30,16 avos (Round of 32),1.25,2.25,10.5,3.75,608.0,1.125,33.333333333333336,35.714285714285715,11.904761904761903,0.5,0.1071428571428571,0.0,0.75,3,1,0,0,CAF,Alta,2,Equilibradas competitivas,1.2909404419922312,-0.4234515053791331
Senegal,4,1,0,3,10,9,1,3,1,I,3,3,8,6,2,7.1,55,2069,88,72,25,9,0,3,0,31,16 avos (Round of 32),2.5,2.25,18.0,6.25,517.25,1.775,25.0,34.72222222222222,13.88888888888889,2.9000000000000004,0.0986111111111111,25.0,0.75,3,1,0,0,CAF,Alta,0,Elite técnica,2.6293758549464243,1.677738277002299
Cabo Verde,4,0,3,1,4,5,2,3,-1,H,2,3,2,2,0,3.4,37,1429,83,47,13,2,0,5,0,32,16 avos (Round of 32),1.0,1.25,11.75,3.25,357.25,0.85,25.0,27.659574468085108,8.51063829787234,0.6000000000000001,0.0723404255319148,50.0,1.25,5,1,0,0,CAF,Baixa,1,Reativas de baixa posse,-1.4214059683852613,-0.31255271960169273
Irã,3,0,3,0,3,3,1,3,0,G,3,3,3,3,0,4.3,39,929,78,36,10,1,1,6,0,33,Fase de grupos,1.0,1.0,12.0,3.333333333333333,309.6666666666667,1.4333333333333331,33.333333333333336,27.77777777777778,8.333333333333334,-1.2999999999999998,0.1194444444444444,33.333333333333336,2.0,6,0,0,0,AFC,Baixa,1,Reativas de baixa posse,-1.3555538637076914,-0.13125228114423998
Coreia do Sul,3,1,0,2,2,3,0,3,-1,A,3,3,2,3,-1,3.7,63,1681,89,30,11,2,0,4,0,34,Fase de grupos,0.6666666666666666,1.0,10.0,3.6666666666666665,560.3333333333334,1.2333333333333334,33.333333333333336,36.66666666666666,6.666666666666667,-1.7000000000000002,0.1233333333333333,0.0,1.3333333333333333,4,0,0,0,AFC,Alta,2,Equilibradas competitivas,1.0583659547538538,-1.6665960393056845
Turquia,3,1,0,2,3,5,0,3,-2,D,4,3,3,5,-2,6.2,63,1729,89,71,17,2,0,2,0,35,Fase de grupos,1.0,1.6666666666666667,23.666666666666668,5.666666666666667,576.3333333333334,2.066666666666667,33.333333333333336,23.943661971830984,4.225352112676056,-3.2,0.0873239436619718,0.0,0.6666666666666666,2,0,0,0,UEFA,Alta,0,Elite técnica,3.3679154470527037,0.021925886326380668
Escócia,3,1,0,2,1,4,1,3,-3,C,3,3,1,4,-3,3.0,45,1262,86,25,8,0,0,5,0,36,Fase de grupos,0.3333333333333333,1.3333333333333333,8.333333333333334,2.6666666666666665,420.6666666666667,1.0,33.333333333333336,32.0,4.0,-2.0,0.12,33.333333333333336,1.6666666666666667,5,0,0,0,UEFA,Baixa,1,Reativas de baixa posse,-1.2309020705646183,-1.2259169091647673
Uruguai,3,0,2,1,3,4,0,2,-1,H,3,2,3,4,-1,4.3,54,1348,88,49,14,1,0,5,1,37,Fase de grupos,1.0,1.3333333333333333,16.333333333333332,4.666666666666667,449.3333333333333,1.4333333333333331,22.22222222222222,28.571428571428573,6.122448979591836,-1.2999999999999998,0.0877551020408163,0.0,2.0,8,0,0,0,CONMEBOL,Media,2,Equilibradas competitivas,1.1735287832096017,-0.3507454220931864
Arábia Saudita,3,0,2,1,1,5,1,2,-4,H,4,2,1,5,-4,1.5,40,972,78,16,7,0,0,6,0,38,Fase de grupos,0.3333333333333333,1.6666666666666667,5.333333333333333,2.333333333333333,324.0,0.5,22.22222222222222,43.75,6.25,-0.5,0.09375,33.333333333333336,2.0,6,0,0,0,AFC,Baixa,3,Frágeis defensivamente,-3.2510861535853004,-0.7246065248799912
Chéquia,3,0,1,2,2,6,0,1,-4,A,4,1,2,6,-4,2.2,43,1016,80,32,8,2,0,1,0,39,Fase de grupos,0.6666666666666666,2.0,10.666666666666666,2.6666666666666665,338.6666666666667,0.7333333333333334,11.11111111111111,25.0,6.25,-0.2000000000000001,0.06875,0.0,0.3333333333333333,1,0,0,0,UEFA,Baixa,1,Reativas de baixa posse,-2.1343645606192,-0.10765365924009998
Nova Zelândia,3,0,1,2,4,10,0,1,-6,G,4,1,4,10,-6,2.8,47,1190,85,29,15,3,0,4,0,40,Fase de grupos,1.3333333333333333,3.333333333333333,9.666666666666666,5.0,396.6666666666667,0.9333333333333332,11.11111111111111,51.72413793103448,13.79310344827586,1.2000000000000002,0.096551724137931,0.0,1.3333333333333333,4,0,0,0,OFC,Media,1,Reativas de baixa posse,-0.8393308941727841,1.5219620728375987
Catar,3,0,1,2,2,10,0,1,-8,B,4,1,2,10,-8,1.6,32,803,80,16,6,1,0,4,2,41,Fase de grupos,0.6666666666666666,3.333333333333333,5.333333333333333,2.0,267.6666666666667,0.5333333333333333,11.11111111111111,37.5,12.5,0.3999999999999999,0.1,0.0,2.0,10,0,0,0,AFC,Baixa,3,Frágeis defensivamente,-3.979195473581192,0.9666852358345652
Curaçao,3,0,1,2,1,9,1,1,-8,E,4,1,1,9,-8,1.2,33,846,81,27,9,0,0,7,0,42,Fase de grupos,0.3333333333333333,3.0,9.0,3.0,282.0,0.3999999999999999,11.11111111111111,33.333333333333336,3.703703703703704,-0.1999999999999999,0.0444444444444444,33.333333333333336,2.333333333333333,7,0,0,0,CONCACAF,Baixa,3,Frágeis defensivamente,-3.4228958853938805,0.64892507021785
Panamá,3,0,0,3,0,4,0,0,-4,L,4,0,0,4,-4,1.6,46,1139,84,28,9,0,0,5,0,43,Fase de grupos,0.0,1.3333333333333333,9.333333333333334,3.0,379.6666666666667,0.5333333333333333,0.0,32.142857142857146,0.0,-1.6,0.0571428571428571,0.0,1.6666666666666667,5,0,0,0,CONCACAF,Media,1,Reativas de baixa posse,-1.8468696693913111,-1.3712672208455912
Jordânia,3,0,0,3,3,8,0,0,-5,J,4,0,3,8,-5,2.0,31,860,78,24,9,3,0,4,0,44,Fase de grupos,1.0,2.6666666666666665,8.0,3.0,286.6666666666667,0.6666666666666666,0.0,37.5,12.5,1.0,0.0833333333333333,0.0,1.3333333333333333,4,0,0,0,AFC,Baixa,3,Frágeis defensivamente,-3.234356765124393,1.0031785591891909
Haiti,3,0,0,3,2,8,0,0,-6,C,4,0,2,8,-6,1.6,41,1013,86,27,9,1,0,7,0,45,Fase de grupos,0.6666666666666666,2.6666666666666665,9.0,3.0,337.6666666666667,0.5333333333333333,0.0,33.333333333333336,7.407407407407407,0.3999999999999999,0.0592592592592592,0.0,2.333333333333333,7,0,0,0,CONCACAF,Baixa,1,Reativas de baixa posse,-2.147023826878706,0.24422869274818762
Uzbequistão,3,0,0,3,2,11,0,0,-9,K,4,0,2,11,-9,1.4,36,962,78,17,6,1,0,4,0,46,Fase de grupos,0.6666666666666666,3.6666666666666665,5.666666666666667,2.0,320.6666666666667,0.4666666666666666,0.0,35.294117647058826,11.764705882352942,0.6000000000000001,0.0823529411764705,0.0,1.3333333333333333,4,0,0,0,AFC,Baixa,3,Frágeis defensivamente,-3.8848947722401497,1.1016381391381143
Tunísia,3,0,0,3,2,12,0,0,-10,F,4,0,2,12,-10,1.1,41,892,82,18,7,2,0,1,0,47,Fase de grupos,0.6666666666666666,4.0,6.0,2.333333333333333,297.3333333333333,0.3666666666666667,0.0,38.888888888888886,11.11111111111111,0.8999999999999999,0.0611111111111111,0.0,0.3333333333333333,1,0,0,0,CAF,Baixa,3,Frágeis defensivamente,-3.507200566357299,1.2410472923918665
Iraque,3,0,0,3,1,12,0,0,-11,I,4,0,1,12,-11,1.1,37,1026,81,21,2,1,0,4,1,48,Fase de grupos,0.3333333333333333,4.0,7.0,0.6666666666666666,342.0,0.3666666666666667,0.0,9.523809523809524,4.761904761904762,-0.1,0.0523809523809523,0.0,1.6666666666666667,7,0,0,0,AFC,Baixa,3,Frágeis defensivamente,-4.007759343882005,0.7522850136444935
